{"cameraMode":{"drawMode":0,"name":"Shaded","section":"Shading Mode"},"sceneLighting":true,"audioPlay":false,"sceneViewState":{"showFog":true,"showMaterialUpdate":false,"showSkybox":true,"showFlares":true,"showImageEffects":true,"showParticleSystems":true},"in2DMode":false,"pivot":{"x":1.9467391967773438,"y":3.8685848712921144,"z":-3.00392484664917},"rotation":{"x":-0.1482611894607544,"y":-0.021621104329824449,"z":0.003392381826415658,"w":-0.9889737367630005},"size":4.042034149169922,"orthographic":false}