{"cameraMode":{"drawMode":0,"name":"Shaded","section":"Shading Mode"},"sceneLighting":true,"audioPlay":false,"sceneViewState":{"showFog":true,"showMaterialUpdate":false,"showSkybox":true,"showFlares":true,"showImageEffects":true,"showParticleSystems":true},"in2DMode":false,"pivot":{"x":2.8017587661743166,"y":7.632822036743164,"z":-6.9566802978515629},"rotation":{"x":-0.3337269425392151,"y":-0.09810484200716019,"z":0.03450920432806015,"w":-0.9376331567764282},"size":3.3350489139556886,"orthographic":false}