{"cameraMode":{"drawMode":0,"name":"Shaded","section":"Shading Mode"},"sceneLighting":true,"audioPlay":false,"sceneViewState":{"showFog":true,"showMaterialUpdate":false,"showSkybox":true,"showFlares":true,"showImageEffects":true,"showParticleSystems":true},"in2DMode":false,"pivot":{"x":2.568842649459839,"y":8.214987754821778,"z":-8.13298511505127},"rotation":{"x":0.22341355681419373,"y":0.6924298405647278,"z":-0.24260295927524568,"w":0.6425400972366333},"size":3.3350489139556886,"orthographic":false}