{"cameraMode":{"drawMode":0,"name":"Shaded","section":"Shading Mode"},"sceneLighting":true,"audioPlay":false,"sceneViewState":{"showFog":true,"showMaterialUpdate":false,"showSkybox":true,"showFlares":true,"showImageEffects":false,"showParticleSystems":true},"in2DMode":false,"pivot":{"x":13.967090606689454,"y":17.559946060180665,"z":205.9978790283203},"rotation":{"x":0.05995101481676102,"y":-0.3666454553604126,"z":0.023676887154579164,"w":0.9281737208366394},"size":22.0,"orthographic":false}